﻿<parameters>
  <parameter name="IIS Web Application Name" defaultValue="Default Web Site/" tags="IisApp">
    <parameterEntry kind="ProviderPath" scope="IisApp" match="^C:\\Users\\rucha\\source\\repos\\WebApplication9\\WebApplication9\\obj\\Debug\\Package\\PackageTmp$" />
    <parameterEntry kind="ProviderPath" scope="setAcl" match="^C:\\Users\\rucha\\source\\repos\\WebApplication9\\WebApplication9\\obj\\Debug\\Package\\PackageTmp$" />
  </parameter>
  <parameter name="DefaultConnection-Web.config Connection String" description="DefaultConnection A Cadeia de Conexão usada em web.config pelo aplicativo para acessar o banco de dados." defaultValue="  Data Source=(localdb)\MSSQLLocalDB;Initial Catalog=opima_1;Integrated Security=True;Connect Timeout=30;Encrypt=False;TrustServerCertificate=False;Initial Catalog=aspnet-WebApplication9-20190307100311" tags="SqlConnectionString">
    <parameterEntry kind="XmlFile" scope="C:\\Users\\rucha\\source\\repos\\WebApplication9\\WebApplication9\\obj\\Debug\\Package\\PackageTmp\\Web\.config$" match="/configuration/connectionStrings/add[@name='DefaultConnection']/@connectionString" />
  </parameter>
  <parameter name="opimaModel-Web.config Connection String" description="opimaModel A Cadeia de Conexão usada em web.config pelo aplicativo para acessar o banco de dados." defaultValue="data source=(localdb)\MSSQLLocalDB;initial catalog=opima_1;integrated security=True;MultipleActiveResultSets=True;App=EntityFramework" tags="SqlConnectionString">
    <parameterEntry kind="XmlFile" scope="C:\\Users\\rucha\\source\\repos\\WebApplication9\\WebApplication9\\obj\\Debug\\Package\\PackageTmp\\Web\.config$" match="/configuration/connectionStrings/add[@name='opimaModel']/@connectionString" />
  </parameter>
</parameters>